{
  "test_accuracy": 0.859515899383009,
  "macro_avg_f1": 0.8558357424987327,
  "weighted_avg_f1": 0.8581125794698259,
  "per_class_accuracy": {
    "african_elephant": 0.9622641509433962,
    "alpaca": 0.803921568627451,
    "american_bison": 0.9423076923076923,
    "anteater": 0.7608695652173914,
    "arctic_fox": 0.8958333333333334,
    "armadillo": 0.9411764705882353,
    "baboon": 0.9411764705882353,
    "badger": 0.9148936170212766,
    "blue_whale": 0.8108108108108109,
    "brown_bear": 0.9333333333333333,
    "camel": 0.8717948717948718,
    "dolphin": 0.8958333333333334,
    "giraffe": 0.9148936170212766,
    "groundhog": 0.8723404255319149,
    "highland_cattle": 0.9583333333333334,
    "horse": 0.8695652173913043,
    "jackal": 0.9534883720930233,
    "kangaroo": 0.8775510204081632,
    "koala": 0.9591836734693877,
    "manatee": 0.9215686274509803,
    "mongoose": 0.7272727272727273,
    "mountain_goat": 0.8,
    "opossum": 0.9215686274509803,
    "orangutan": 1.0,
    "otter": 0.7735849056603774,
    "polar_bear": 0.8888888888888888,
    "porcupine": 0.9795918367346939,
    "red_panda": 0.98,
    "rhinoceros": 0.8095238095238095,
    "sea_lion": 0.7450980392156863,
    "seal": 0.36,
    "snow_leopard": 0.9629629629629629,
    "squirrel": 0.86,
    "sugar_glider": 0.8461538461538461,
    "tapir": 0.8367346938775511,
    "vampire_bat": 0.8648648648648649,
    "vicuna": 0.6363636363636364,
    "walrus": 0.7727272727272727,
    "warthog": 0.825,
    "water_buffalo": 0.6666666666666666,
    "weasel": 0.7906976744186046,
    "wildebeest": 0.7872340425531915,
    "wombat": 0.9791666666666666,
    "yak": 0.7435897435897436,
    "zebra": 0.9761904761904762
  }
}